transaction_id,source_account,destination_account,source_bank,dest_bank,rail_type,amount_inr,timestamp_ist,utr_reference,holding_time_minutes,risk_flag
TXN-984210,ACC-1042,ACC-1043,HDFC Bank,ICICI Bank,IMPS,98000,2026-09-28 09:31:12,IMPS2026092809311244,4.5,CIRCULAR_CYCLE_HOP_1
TXN-984211,ACC-1043,ACC-1044,ICICI Bank,Axis Bank,IMPS,96000,2026-09-28 09:37:40,IMPS2026092809374012,6.2,CIRCULAR_CYCLE_HOP_2
TXN-984212,ACC-1044,ACC-1045,Axis Bank,State Bank of India,RTGS,94000,2026-09-28 09:43:18,RTGS2026092809431809,5.6,CIRCULAR_CYCLE_HOP_3
TXN-984213,ACC-1045,ACC-1042,State Bank of India,HDFC Bank,NEFT,92500,2026-09-28 09:57:33,NEFT2026092809573381,14.2,CIRCULAR_CYCLE_RETURN
TXN-984214,ACC-1046,ACC-1042,Kotak Mahindra,HDFC Bank,IMPS,120000,2026-09-28 08:15:00,IMPS2026092808150021,0.0,FEEDER_CAPITAL_INFLOW
TXN-200101,ACC-2001,ACC-2002,Standard Chartered,HDFC Bank,RTGS,450000,2026-09-28 10:14:00,RTGS2026092810140081,2.1,MULE_PASS_THROUGH_1
TXN-200102,ACC-2002,ACC-2003,HDFC Bank,ICICI Bank,IMPS,442000,2026-09-28 10:17:28,IMPS2026092810172892,3.4,MULE_PASS_THROUGH_2
TXN-200103,ACC-2003,ACC-2004,ICICI Bank,State Bank of India,IMPS,435000,2026-09-28 10:22:15,IMPS2026092810221533,4.8,MULE_PASS_THROUGH_3
TXN-200104,ACC-2004,ACC-2005,State Bank of India,Standard Chartered,WIRE,428000,2026-09-28 10:30:28,WIRE2026092810302871,6.1,CASHOUT_TERMINAL
TXN-300101,ACC-3001,ACC-3011,Axis Bank,ICICI Bank,RTGS,920000,2026-09-28 11:05:00,RTGS2026092811050012,4.0,SMURFING_SUB_THRESHOLD
TXN-300102,ACC-3001,ACC-3012,Axis Bank,Axis Bank,IMPS,880000,2026-09-28 11:09:15,IMPS2026092811091534,8.0,SMURFING_SUB_THRESHOLD
TXN-300103,ACC-3001,ACC-3013,Axis Bank,State Bank of India,NEFT,950000,2026-09-28 11:15:40,NEFT2026092811154088,14.0,SMURFING_SUB_THRESHOLD
TXN-300104,ACC-3001,ACC-3014,Axis Bank,YES Bank,IMPS,890000,2026-09-28 11:23:10,IMPS2026092811231045,18.0,SMURFING_SUB_THRESHOLD
TXN-110001,ACC-8001,ACC-8002,HDFC Bank,State Bank of India,RTGS,12400000,2026-09-28 14:30:00,RTGS2026092814300099,20160.0,BENIGN_COMMERCIAL_SETTLEMENT
TXN-110002,ACC-8002,ACC-8003,State Bank of India,ICICI Bank,RTGS,8400000,2026-09-28 15:10:00,RTGS2026092815100045,21600.0,BENIGN_COMMERCIAL_SETTLEMENT